<?xml version="1.0" encoding="UTF-8"?>
<addon id="plugin.video.streama" version="0.0.1" name="TVNETPlay" provider-name="www.tvnetplay.net">
    <requires>
      <import addon="xbmc.python" version="2.24.0"/>
      <import addon="script.module.simplejson" version="3.3.0"/>
      <import addon="script.module.requests" version="2.3.0"/>
      <import addon="script.module.routing" version="0.2.0"/>
    </requires>
    <extension point="xbmc.python.pluginsource" library="addon.py">
        <provides>video</provides>
    </extension>
    <extension point="xbmc.addon.metadata">
        <summary lang="en_GB">Servidor Multimedia.</summary>
        <description lang="en_GB">TVNETPlay es un Centro de Entretenimiento donde puedes disfrutar totalmente gratis y desde la comodidad de tu hogar de las mejores Películas y Series de TV!
        </description>
        <platform>all</platform>
        <license>MIT</license>
        <source>https://github.com/HackerspaceBielefeld/plugin.video.streama</source>
        <website>http://github.com/HackerspaceBielefeld/plugin.video.streama</website>
        <forum>https://forum.kodi.tv/showthread.php?tid=320484</forum>
        <news></news>
        <assets>
            <icon>resources/media/icon.png</icon>
            <fanart>resources/media/fanart.png</fanart>
            <screenshot>resources/media/screenshot01.png</screenshot>
            <screenshot>resources/media/screenshot02.png</screenshot>
        </assets>
    </extension>
</addon>