<?xml version="1.0" encoding="UTF-8"?>
<addon id="plugin.video.streama" version="0.0.1" name="TVNETPlay" provider-name="Team MP">
    <requires>
      <import addon="xbmc.python" version="2.24.0"/>
      <import addon="script.module.simplejson" version="3.3.0"/>
      <import addon="script.module.requests" version="2.3.0"/>
      <import addon="script.module.routing" version="0.2.0"/>
	  <import addon="resource.uisounds.fromashes" version="1.0.0"/>	  
    </requires>
    <extension point="xbmc.python.pluginsource" library="addon.py">
        <provides>video</provides>
    </extension>
    <extension point="xbmc.addon.metadata">
        <summary lang="en_GB">Servidor Multimedia.</summary>
        <description lang="en_GB">TVNETPlay es un Centro de Entretenimiento donde puedes disfrutar desde la comodidad de tu hogar de las mejores Películas y Series de TV!
        </description>
        <platform>all</platform>
        <license>MIT</license>
        <source>https://github.com/HackerspaceBielefeld/plugin.video.streama</source>
        <website>http://github.com/HackerspaceBielefeld/plugin.video.streama</website>
        <forum>https://forum.kodi.tv/showthread.php?tid=320484</forum>
        <news></news>
        <assets>
            <icon>icon.png</icon>
            <fanart>fanart.jpg</fanart>
            <screenshot>screenshot01.jpg</screenshot>
        </assets>
    </extension>
</addon>