<?xml version="1.0" encoding="UTF-8"  standalone="yes"?>
<addon id="skin.eminence.2"  version="3.0.4" name="Eminence" provider-name="jurialmunkey">
    <requires>
        <import addon="xbmc.gui" version="5.14.0" />
        <import addon="script.skinshortcuts" version="1.0.0" />
        <import addon="script.skin.helper.service" version="1.0.0" />
        <import addon="script.extendedinfo" version="5.0.0" />
        <import addon="script.image.resource.select" version="0.0.5" />
        <import addon="plugin.program.autocompletion" version="1.0.1" />
    </requires>
    <extension debugging="false" effectslowdown="1.00" point="xbmc.gui.skin">
        <res aspect="16:9" default="true" folder="16x9" height="1080" width="1920" />
    </extension>
    <extension point="xbmc.addon.metadata">
        <platform>all</platform>
        <summary lang="en_GB">Clean, clear, simple, modern.</summary></description>
        <license>CC-NC-SA 3.0</license>
        <website />
        <email />
        <assets>
            <icon>icon.png</icon>
            <fanart>fanart.jpg</fanart>
            <screenshot>extras/viewthumbs/50.jpg</screenshot>
        </assets>
    </extension>
</addon>
