<?xml version="1.0" encoding="UTF-8"?>
<addon id="resource.uisounds.fromashes" version="3.0.01" name="Arctic Zephyr: From Ashes UI Audio Suite" provider-name="NortheBridge">
  <requires>
    <import addon="kodi.resource" version="1.0.0"/>
  </requires>
  <extension point="kodi.resource.uisounds"/>
  <extension point="kodi.addon.metadata">
    <summary lang="en">Arctic Zephyr: From Ashes UI Audio Suite</summary>
    <description lang="en">Arctic Zephyr: From Ashes UI Audio Suite</description>
    <platform>all</platform>
  </extension>
</addon>
