<?xml version="1.0" encoding="UTF-8"?>
<!-- Foundation -->
<window type="dialog" id="1110">
    <backgroundcolor>Background</backgroundcolor>
    <defaultcontrol always="true">9000</defaultcontrol>

    <controls>
        <include>GlobalOverlay</include>
        <control type="group">
            <include>Animation_SlideIn</include>
            <include>Animation_FadeOut</include>
            <centerleft>50%</centerleft>
            <width>1792</width>
            <bottom>100</bottom>
            <height>676</height>
            <include>Dialog_Background</include>
            <include content="Dialog_Top_IconHeader">
                <param name="label" value="$LOCALIZE[31228]" />
                <param name="icon" value="special://skin/extras/icons/paintbrush.png" />
            </include>
            <control type="group">
                <right>bigpad</right>
                <bottom>bigpad</bottom>
                <width>1024</width>
                <height>576</height>
                <include>Object_FlatBackground</include>
                <control type="image">
                    <aspectratio>stretch</aspectratio>
                    <texture background="true" fallback="DefaultAddon.png">$INFO[Container(9000).ListItem.Icon]</texture>
                </control>
            </control>

            <control type="group">
                <left>bigpad</left>
                <bottom>bigpad</bottom>
                <width>708</width>
                <height>576</height>
                <include>Object_FlatBackground</include>
            </control>
            <control type="list" id="9000">
                <bottom>bigpad</bottom>
                <onleft>8000</onleft>
                <onright>8000</onright>
                <left>pad</left>
                <width>728</width>
                <height>576</height>
                <orientation>vertical</orientation>
                <itemlayout height="96" width="728">
                    <control type="group">
                        <left>pad</left>
                        <right>pad</right>
                        <control type="image">
                            <top>pad</top>
                            <bottom>pad</bottom>
                            <left>pad</left>
                            <width>300</width>
                            <aspectratio align="left">keep</aspectratio>
                            <texture>$INFO[ListItem.Icon]</texture>
                        </control>
                        <control type="label">
                            <height>100%</height>
                            <left>170</left>
                            <align>left</align>
                            <aligny>center</aligny>
                            <font>Font-ListInfo-Small-Bold</font>
                            <label>$INFO[ListItem.Label]</label>
                        </control>
                    </control>
                </itemlayout>
                <focusedlayout height="96" width="728">
                    <control type="group">
                        <left>pad</left>
                        <right>pad</right>
                        <control type="image">
                            <visible>!Control.HasFocus(9000)</visible>
                            <texture colordiffuse="PosterBorder">common/white.png</texture>
                        </control>
                        <control type="image">
                            <visible>!Control.HasFocus(9000)</visible>
                            <aspectratio>center</aspectratio>
                            <texture colordiffuse="PosterBorder">common/selected.png</texture>
                        </control>
                        <control type="image">
                            <visible>Control.HasFocus(9000)</visible>
                            <texture colordiffuse="$VAR[HighlightColor]">common/white.png</texture>
                        </control>

                        <control type="image">
                            <top>pad</top>
                            <bottom>pad</bottom>
                            <left>pad</left>
                            <width>300</width>
                            <aspectratio align="left">keep</aspectratio>
                            <texture>$INFO[ListItem.Icon]</texture>
                        </control>
                        <control type="label">
                            <height>100%</height>
                            <left>170</left>
                            <align>left</align>
                            <aligny>center</aligny>
                            <textcolor>Selected</textcolor>
                            <font>Font-ListInfo-Small-Bold</font>
                            <label>$INFO[ListItem.Label]</label>
                        </control>
                    </control>
                </focusedlayout>
                <content>                    
                    <!-- Icons + Info -->
                    <item>
                        <label>31141</label>
                        <icon>special://skin/extras/viewthumbs/59.jpg</icon>
                        <onclick>Close</onclick>
                        <onclick>Container.SetViewMode(50)</onclick>
                        <onclick>Container.SetViewMode(59)</onclick>
                    </item>                    
                </content>
            </control>
        </control>
    </controls>
</window>
