<?xml version="1.0" encoding="UTF-8"?>
<includes>
    <include name="Home_TextOnly_Animate">
        <animation effect="slide" start="0" end="0,106" time="500" tween="back" reversible="false" easing="out" condition="[Control.HasFocus(9001) | Control.HasFocus(9101)] + !Skin.HasSetting(widgets.donthidemenu)">Conditional</animation>
        <animation effect="slide" end="0" start="0,106" time="150" reversible="false" condition="![Control.HasFocus(9001) | Control.HasFocus(9101)] + !Skin.HasSetting(widgets.donthidemenu)">Conditional</animation>
    </include>
    <include name="Home_Icons_Animate">
        <animation effect="slide" start="0" end="0,266" time="500" tween="back" reversible="false" easing="out" condition="[Control.HasFocus(9001) | Control.HasFocus(9101)] + !Skin.HasSetting(widgets.donthidemenu)">Conditional</animation>
        <animation effect="slide" end="0" start="0,266" time="150" reversible="false" condition="![Control.HasFocus(9001) | Control.HasFocus(9101)] + !Skin.HasSetting(widgets.donthidemenu)">Conditional</animation>
    </include>
    <include name="Home_Dialogs_TextOnly_Animate">
        <animation effect="slide" tween="quadratic" easing="in" time="150" end="0,106" start="0" reversible="false" condition="!String.IsEmpty(Window(home).Property(FO9001)) + String.IsEqual(Window(home).Property(FO9001),2)">Conditional</animation>
        <animation effect="slide" start="0" end="0,106" time="500" tween="back" reversible="false" easing="out" condition="!String.IsEmpty(Window(home).Property(FO9001)) + String.IsEqual(Window(home).Property(FO9001),1)">Conditional</animation>
        <animation effect="slide" end="0" start="0,106" time="150" reversible="false" condition="String.IsEmpty(Window(home).Property(FO9001))">Conditional</animation>
    </include>
    <include name="Home_Dialogs_Icons_Animate">
        <animation effect="slide" tween="quadratic" easing="in" time="150" end="0,266" start="0" reversible="false" condition="!String.IsEmpty(Window(home).Property(FO9001)) + String.IsEqual(Window(home).Property(FO9001),2)">Conditional</animation>
        <animation effect="slide" start="0" end="0,266" time="500" tween="back" reversible="false" easing="out" condition="!String.IsEmpty(Window(home).Property(FO9001)) + String.IsEqual(Window(home).Property(FO9001),1)">Conditional</animation>
        <animation effect="slide" end="0" start="0,266" time="150" reversible="false" condition="String.IsEmpty(Window(home).Property(FO9001))">Conditional</animation>
    </include>
    
    <include name="Home_Menu_BG_Big">
        <control type="group">
            <animation effect="slide" end="0,160" condition="String.IsEqual(Skin.String(home.style),$LOCALIZE[31182])">Conditional</animation>
            <bottom>-64</bottom>
            <height>160</height>
            <control type="image">
                <include condition="!Skin.HasSetting(global.hideobjectshadows)">Object_Background_Shadows</include>
                <aspectratio>scale</aspectratio>
                <texture colordiffuse="HomeBarBG">common/white.png</texture>
                <animation effect="fade" start="100" end="90" time="200" condition="Skin.HasSetting(home.transparent)">Conditional</animation>
            </control>
        </control>
    </include>
    <!-- Home Bar -->
    <include name="Home_Menu">
        <control type="group">
            <!-- Backing Bar -->
            <include condition="!String.IsEqual(Skin.String(home.style),$LOCALIZE[31181])">Home_Menu_BG_Big</include>
            <include condition="String.IsEqual(Skin.String(home.style),$LOCALIZE[31181])">Home_Menu_BG_Small</include>

            <!-- Main list -->
            <control type="panel" id="9000">
                <animation effect="slide" end="0,160" condition="String.IsEqual(Skin.String(home.style),$LOCALIZE[31182])">Conditional</animation>
                <animation effect="slide" end="94" condition="!Integer.IsGreater(Container(9000).NumItems,0)">Conditional</animation>
                <animation effect="slide" end="94" condition="!Integer.IsGreater(Container(9000).NumItems,1)">Conditional</animation>
                <animation effect="slide" end="94" condition="!Integer.IsGreater(Container(9000).NumItems,2)">Conditional</animation>
                <animation effect="slide" end="94" condition="!Integer.IsGreater(Container(9000).NumItems,3)">Conditional</animation>
                <animation effect="slide" end="94" condition="!Integer.IsGreater(Container(9000).NumItems,4)">Conditional</animation>
                <animation effect="slide" end="94" condition="!Integer.IsGreater(Container(9000).NumItems,5)">Conditional</animation>
                <animation effect="slide" end="94" condition="!Integer.IsGreater(Container(9000).NumItems,6)">Conditional</animation>
                <animation effect="slide" end="94" condition="!Integer.IsGreater(Container(9000).NumItems,7)">Conditional</animation>
                <animation effect="slide" end="94" condition="!Integer.IsGreater(Container(9000).NumItems,8)">Conditional</animation>
                <animation effect="slide" end="94" condition="!Integer.IsGreater(Container(9000).NumItems,9)">Conditional</animation>
                <left>16</left>
                <right>0</right>
                <bottom>0</bottom>
                <height>266</height>
                <onfocus>SetProperty(MenuFocus,9000,Home)</onfocus>
                <onup condition="[Skin.HasSetting(home.disableplayercontrols) | !Player.HasMedia] + !Window.IsVisible(PlayerControls.xml)">SetProperty(FO9001,1,home)</onup>
                <onup condition="[Skin.HasSetting(home.disableplayercontrols) | !Player.HasMedia] + !Window.IsVisible(PlayerControls.xml) + [[!String.IsEmpty(Container(9000).ListItem.Property(widget)) + !String.IsEqual(Container(9000).ListItem.Property(widgetTarget),pictures)] | [String.IsEmpty(Container(9000).ListItem.Property(widget)) + !String.IsEqual(Skin.String(home.fallbackwidget.target),pictures)]]">9001</onup>
                <onup condition="Player.HasMedia + !Window.IsVisible(PlayerControls.xml) + !Skin.HasSetting(home.disableplayercontrols)">9005</onup>
                <ondown condition="Integer.IsGreater(Container(9002).NumItems,0) + !Window.IsVisible(PlayerControls.xml)">9002</ondown>
                <!-- <ondown condition="!Integer.IsGreater(Container(9002).NumItems,0) + !Window.IsVisible(PlayerControls.xml) + !Skin.HasSetting(DisableShowcase)">ActivateWindow(1131)</ondown> -->
                <animation type="Visible">
                    <effect type="slide" start="0,266" end="0" time="150" />
                </animation>
                <orientation>horizontal</orientation>
                <scrolltime tween="sine" easing="out">240</scrolltime>
                <!-- Default Home -->
                <itemlayout width="188" height="266" condition="!String.IsEqual(Skin.String(home.style),$LOCALIZE[31181]) + !String.IsEqual(Skin.String(home.style),$LOCALIZE[31182])">
                    <control type="label">
                        <top>188</top>
                        <height>78</height>
                        <width>170</width>
                        <align>center</align>
                        <aligny>center</aligny>
                        <font>Font-HomeMenu</font>
                        <textcolor>HomeBarFG</textcolor>
                        <label>$INFO[ListItem.Label]</label>
                        <animation effect="fade" start="50" end="50" condition="true">Conditional</animation>
                    </control>
                </itemlayout>
                <focusedlayout width="188" height="266" condition="!String.IsEqual(Skin.String(home.style),$LOCALIZE[31181]) + !String.IsEqual(Skin.String(home.style),$LOCALIZE[31182])">
                    <control type="label">
                        <top>188</top>
                        <height>78</height>
                        <width>170</width>
                        <align>center</align>
                        <aligny>center</aligny>
                        <font>Font-HomeMenu</font>
                        <textcolor>HomeBarFG</textcolor>
                        <label>$INFO[ListItem.Label]</label>
                        <animation effect="slide" start="0" end="0,-12" time="100" reversible="false">Focus</animation>
                    </control>
                    <control type="image">
                        <centerleft>85</centerleft>
                        <bottom>10</bottom>
                        <width>16</width>
                        <height>16</height>
                        <aspectratio>stretch</aspectratio>
                        <texture colordiffuse="$VAR[Defs_HomeTileColor]">common/16-arrow-down.png</texture>
                        <visible>Integer.IsGreater(Container(9002).NumItems,0)</visible>
                        <animation effect="fade" start="0" end="100" time="300" delay="300" reversible="false">Focus</animation>
                    </control>
                </focusedlayout>

                <!-- Text Only -->
                <itemlayout width="188" height="266" condition="String.IsEqual(Skin.String(home.style),$LOCALIZE[31182])">
                    <control type="label">
                        <top>16</top>
                        <height>78</height>
                        <width>170</width>
                        <align>center</align>
                        <aligny>center</aligny>
                        <font>Font-HomeMenu</font>
                        <textcolor>HomeBarFG</textcolor>
                        <label>$INFO[ListItem.Label]</label>
                        <animation effect="fade" start="50" end="50" condition="true">Conditional</animation>
                    </control>
                </itemlayout>

                <content>
                    <include>skinshortcuts-mainmenu</include>
                </content>
            </control>

            <!-- Icon Hang -->
            <control type="group">
                <visible>!Skin.HasSetting(home.transparent)</visible>
                <visible>Container(9000).HasNext | Container(9000).HasPrevious</visible>
                <visible>!String.IsEqual(Skin.String(home.style),$LOCALIZE[31182])</visible>
                <left>-172</left>
                <right>-172</right>
                <bottom>0</bottom>
                <height>266</height>
                <control type="image">
                    <top>16</top>
                    <left>10</left>
                    <width>196</width>
                    <height>170</height>
                    <texture colordiffuse="HomeBarBG">common/tile.png</texture>
                    <aspectratio>stretch</aspectratio>
                </control>
                <control type="image">
                    <top>16</top>
                    <right>10</right>
                    <width>196</width>
                    <height>170</height>
                    <texture colordiffuse="HomeBarBG">common/tile.png</texture>
                    <aspectratio>stretch</aspectratio>
                </control>
                <control type="image">
                    <bottom>0</bottom>
                    <right>10</right>
                    <width>196</width>
                    <height>70</height>
                    <texture colordiffuse="HomeBarBG">common/white.png</texture>
                    <aspectratio>stretch</aspectratio>
                </control>
            </control>

            <!-- Arrows -->
            <control type="group">
                <visible>Container(9000).HasNext | Container(9000).HasPrevious</visible>
                <visible>!String.IsEqual(Skin.String(home.style),$LOCALIZE[31182])</visible>
                <left>0</left>
                <right>0</right>
                <bottom>0</bottom>
                <height>266</height>
                <control type="image">
                    <centertop>45</centertop>
                    <left>8</left>
                    <width>16</width>
                    <height>16</height>
                    <texture colordiffuse="ListLabel">common/16-arrow-left.png</texture>
                </control>
                <control type="image">
                    <centertop>160</centertop>
                    <right>8</right>
                    <width>16</width>
                    <height>16</height>
                    <texture colordiffuse="ListLabel" flipx="true">common/16-arrow-left.png</texture>
                </control>
            </control>

        </control>
    </include>

    <!-- SubMenu -->
    <include name="Home_SubMenu">
        <control type="group">
            <animation effect="slide" tween="quadratic" easing="out" time="200" start="0,-400" end="0" condition="Control.HasFocus(9002)" reversible="false">Conditional</animation>
            <animation effect="slide" tween="quadratic" easing="in" time="200" end="0,-400" start="0" condition="!Control.HasFocus(9002)" reversible="false">Conditional</animation>
            <animation effect="fade" start="100" end="0" time="0" condition="Control.HasFocus(9001)">Conditional</animation>
            <visible>Control.HasFocus(9000) | Control.HasFocus(9002)</visible>
            <include>Dialog_Top</include>
            <include>Dialog_Background</include>
            <include content="Dialog_Top_IconHeader">
                <param name="label" value="$INFO[Container(9000).ListItem.Label,, ]$LOCALIZE[1034]" />
                <param name="icon" value="$INFO[Container(9000).ListItem.Icon]" />
            </include>
            <include content="Dialog_Top_Arrows">
                <param name="id" value="9002" />
            </include>

            <control type="panel" id="9002">
                <onup>9000</onup>
                <ondown>9001</ondown>
                <onback>9000</onback>
                <left>30</left>
                <right>20</right>
                <top>80</top>
                <bottom>pad</bottom>
                <onleft>noop</onleft>
                <onright>noop</onright>
                <scrolltime>200</scrolltime>
                <onfocus>SetProperty(MenuFocus,9002,Home)</onfocus>
                <orientation>horizontal</orientation>
                <!-- Hack for Extended Info and Notification property setting -->
                <onclick>SetFocus(9000)</onclick>
                <onclick condition="String.StartsWith(ListItem.Property(path),ActivateWindow) + !String.Contains(ListItem.Property(path),DialogFavourites) + !String.Contains(ListItem.Property(path),DialogButtonMenu) + !String.Contains(ListItem.Property(path),shutdownmenu) + !String.Contains(ListItem.Property(path),favourites)">SetProperty(FO9001,2,home)</onclick>
                <onclick>$INFO[ListItem.Property(path)]</onclick>
                <itemlayout width="374" height="69">
                    <control type="image">
                        <width>364</width>
                        <height>69</height>
                        <texture colordiffuse="PosterBorder">common/white.png</texture>
                    </control>
                    <control type="label">
                        <left>bigpad</left>
                        <right>30</right>
                        <height>69</height>
                        <textcolor>ListLabel</textcolor>
                        <font>Font-ListInfo-Small</font>
                        <aligny>center</aligny>
                        <label>$INFO[ListItem.Label]</label>
                    </control>
                </itemlayout>
                <focusedlayout width="374" height="69">
                    <control type="image">
                        <width>364</width>
                        <height>69</height>
                        <texture colordiffuse="$VAR[Defs_HomeTileColor]">common/white.png</texture>
                    </control>
                    <control type="label">
                        <left>bigpad</left>
                        <right>30</right>
                        <height>69</height>
                        <textcolor>Selected</textcolor>
                        <font>Font-ListInfo-Small</font>
                        <aligny>center</aligny>
                        <label>$INFO[ListItem.Label]</label>
                    </control>
                </focusedlayout>
                <content>
                    <include>skinshortcuts-submenu</include>
                </content>
            </control>
        </control>
    </include>

    <!-- Home Widget -->
    <include name="Home_Widget_Control">
        <!-- <include condition="!Skin.HasSetting(widgets.persistent)">Home_Widget_Control_NoPersist</include> -->
        <include>skinshortcuts-template-widget</include>
        <include>skinshortcuts-template-submenu-widget</include>
        <control type="button" id="9101">
            <width>100%</width>
            <top>top</top>
            <height>height</height>
            <onfocus>SetProperty(FO9001,1,home)</onfocus>
            <onunfocus>ClearProperty(FO9001,home)</onunfocus>
            <onup>ClearProperty(FO9001,home)</onup>
            <ondown>ClearProperty(FO9001,home)</ondown>
            <onback>ClearProperty(FO9001,home)</onback>
            <onback>9000</onback>
            <ondown>9000</ondown>
            <onup>9000</onup>
            <onclick>PlayMedia($INFO[Container(9001).ListItem.FileNameAndPath])</onclick>
            <visible>Integer.IsGreater(Container(9001).NumItems,0)</visible>
        </control>
    </include>
    <include name="Home_Widget_DiscArt">
        <control type="image">
            <left>620</left>
            <top>bigpad</top>
            <width>300</width>
            <height>300</height>
            <aspectratio>keep</aspectratio>
            <animation type="VisibleChange">
                <effect type="slide" start="-300" end="0" time="300" />
                <effect type="rotate" start="120" end="0" time="300" center="auto"/>
            </animation>
            <fadetime>300</fadetime>
            <visible>!String.IsEmpty(Container(9001).ListItem.Art(discart))</visible>
            <visible>String.IsEmpty(Container(9000).ListItem.Property(PosterWidget))</visible>
            <texture background="true">$INFO[Container(9001).ListItem.Art(discart)]</texture>
        </control>
    </include>
    <include name="Home_Widget_Left">
        <include>Animation_Left</include>
        <visible>Integer.IsGreater(Container(9001).NumItems,0)</visible>
        <include condition="Skin.HasSetting(home.showdiscart) + !String.IsEqual(Skin.String(home.widgetposters),$LOCALIZE[31154]) + !String.IsEqual(Skin.String(home.widgetposters),$LOCALIZE[31153])">Home_Widget_DiscArt</include>
        <control type="image">
            <posx>-124</posx>
            <top>-24</top>
            <width>948</width>
            <height>388</height>
            <visible>!Skin.HasSetting(global.hideobjectshadows)</visible>
            <texture border="150">common/half-tile-shadow-24.png</texture>
        </control>
        <control type="image">
            <posx>-100</posx>
			<posy>-20</posy>
            <width>900</width>
            <height>380</height>
            <animation effect="fade" start="100" end="90" time="200" condition="Skin.HasSetting(home.transparent) + [!String.IsEqual(Skin.String(home.widgetposters),$LOCALIZE[31154]) + !String.IsEqual(Skin.String(home.widgetposters),$LOCALIZE[31153]) + ![!String.IsEmpty(Container(9000).ListItem.Property(PosterWidget)) + String.IsEqual(Skin.String(home.widgetposters),$LOCALIZE[31166])] | [String.IsEqual(Skin.String(home.widgetposters),$LOCALIZE[31154]) + ![Control.HasFocus(9001) | Control.HasFocus(9101)]]]">Conditional</animation>
            <texture border="150" colordiffuse="HomeWidgetBG">common/half-tile.png</texture>
        </control>
        <control type="grouplist">
            <posx>64</posx>
            <posy>20</posy>
            <width>650</width>
            <orientation>vertical</orientation>
            <visible>[!String.IsEmpty(Container(9000).ListItem.Property(widget)) + !String.IsEqual(Container(9000).ListItem.Property(widgetTarget),pictures)] | [String.IsEmpty(Container(9000).ListItem.Property(widget)) + !String.IsEqual(Skin.String(home.fallbackwidget.target),pictures)]</visible>
            <!-- <control type="label">
                <label>$VAR[Label_HomeWidget]</label>
                <aligny>top</aligny>
                <height>35</height>
                <animation effect="fade" start="100" end="70" condition="true">Conditional</animation>
                <textcolor>HomeBarFG</textcolor>
            </control> -->
            <control type="label">
                <label>$VAR[Label_HomeWidget_Label]</label>
                <aligny>top</aligny>
                <font>Font-WidgetInfoTitle</font>
                <height>70</height>
                <textcolor>$VAR[HighlightColor2]</textcolor>
            </control>
            <control type="textbox">
                <label>$VAR[Label_HomeWidget_Plot]</label>
                <aligny>top</aligny>
                <align>left</align>
                <height>186</height>
                <animation effect="fade" start="100" end="70" condition="true">Conditional</animation>
                <textcolor>HomeBarFG</textcolor>
                <font>Font-ListInfo</font>
            </control>
            <control type="label">
                <label>$VAR[Label_HomeWidget_Info]</label>
                <aligny>center</aligny>
                <animation effect="fade" start="100" end="80" condition="true">Conditional</animation>
                <font>Font-ListInfo-Small</font>
                <height>65</height>
                <textcolor>HomeBarFG</textcolor>
            </control>
        </control>
    </include>
    <include name="Home_Widget_Right">
        <include>Animation_Right</include>
        <visible>Integer.IsGreater(Container(9001).NumItems,0)</visible>
        <control type="image">
            <posx>726</posx>
            <top>-24</top>
            <width>2048</width>
            <height>388</height>
            <visible>!Skin.HasSetting(global.hideobjectshadows)</visible>
            <texture border="150">common/half-tile-shadow-24.png</texture>
        </control>
        <control type="image">
            <posx>305</posx>
            <width>2000</width>
            <height>340</height>
            <texture colordiffuse="HomeWidgetBG" border="150">common/half-tile.png</texture>
            <animation effect="fade" start="100" end="80" condition="true">Conditional</animation>
        </control>
        <control type="grouplist">
            <visible>!Container(9001).IsUpdating</visible>
            <visible>![String.IsEqual(Container(9000).ListItem.Property(widget),Weather) | [String.IsEmpty(Container(9000).ListItem.Property(widget)) + [String.IsEqual(Skin.String(home.fallbackwidget),Weather) | String.IsEqual(Skin.String(home.fallbackwidget.node),Weather)]]] | !System.HasAddon(resource.images.weatherfanart.multi)</visible>
            <include>Animation_FadeIn</include>
            <include>Animation_FadeOut</include>
            <animation effect="slide" start="0" end="-220" condition="!Container(9001).OnNext" reversible="false" time="200">Conditional</animation>
            <animation effect="slide" start="0" end="220" condition="!Container(9001).OnPrevious" reversible="false" time="200">Conditional</animation>
            <posx>455</posx>
            <width>2000</width>
            <top>pad</top>
            <height>320</height>
            <orientation>horizontal</orientation>
            <itemgap>0</itemgap>
            <include content="Object_HomeWidgetPoster">
                <param name="id" value="-2" />
                <param name="focuseditem" value="false" />
            </include>
            <include content="Object_HomeWidgetPoster">
                <param name="id" value="-1" />
                <param name="focuseditem" value="false" />
            </include>
            <include content="Object_HomeWidgetPoster">
                <param name="id" value="0" />
                <param name="focuseditem" value="true" />
            </include>
            <include content="Object_HomeWidgetPoster">
                <param name="id" value="1" />
                <param name="focuseditem" value="false" />
            </include>
            <include content="Object_HomeWidgetPoster">
                <param name="id" value="2" />
                <param name="focuseditem" value="false" />
            </include>
            <include content="Object_HomeWidgetPoster">
                <param name="id" value="3" />
                <param name="focuseditem" value="false" />
            </include>
            <include content="Object_HomeWidgetPoster">
                <param name="id" value="4" />
                <param name="focuseditem" value="false" />
            </include>
            <include content="Object_HomeWidgetPoster">
                <param name="id" value="5" />
                <param name="focuseditem" value="false" />
            </include>
        </control>
        <control type="grouplist">
            <left>850</left>
            <right>0</right>
            <orientation>horizontal</orientation>
            <height>340</height>
            <itemgap>70</itemgap>
            <visible>!Container(9001).IsUpdating</visible>
            <include>Animation_FadeIn</include>
            <include>Animation_FadeOut</include>
            <visible>[String.IsEqual(Container(9000).ListItem.Property(widget),Weather) | [String.IsEmpty(Container(9000).ListItem.Property(widget)) + [String.IsEqual(Skin.String(home.fallbackwidget),Weather) | String.IsEqual(Skin.String(home.fallbackwidget.node),Weather)]]] + System.HasAddon(resource.images.weatherfanart.multi)</visible>
            <include content="Object_WeatherOutlook">
                <param name="day" value="Day0" />
                <param name="dayname" value="$LOCALIZE[33006]" />
            </include>
            <include content="Object_WeatherOutlook">
                <param name="day" value="Day1" />
                <param name="dayname" value="$INFO[Window(weather).Property(Day1.Title)]" />
            </include>
            <include content="Object_WeatherOutlook">
                <param name="day" value="Day2" />
                <param name="dayname" value="$INFO[Window(weather).Property(Day2.Title)]" />
            </include>
            <include content="Object_WeatherOutlook">
                <param name="day" value="Day3" />
                <param name="dayname" value="$INFO[Window(weather).Property(Day3.Title)]" />
            </include>
        </control>
    </include>
    <include name="Home_Widget">
        <control type="group">
            <posy>400</posy>
            <animation effect="slide" end="0,160" condition="String.IsEqual(Skin.String(home.style),$LOCALIZE[31182])">Conditional</animation>
            <visible>[[Control.HasFocus(9001) | Control.HasFocus(9101)] + String.IsEqual(Skin.String(home.widgetposters),$LOCALIZE[31154])] | String.IsEqual(Skin.String(home.widgetposters),$LOCALIZE[31153]) | [!String.IsEmpty(Container(9000).ListItem.Property(PosterWidget)) + String.IsEqual(Skin.String(home.widgetposters),$LOCALIZE[31166])]</visible>
            <include>Home_Widget_Right</include>
            <visible>!Player.HasVideo | [Player.HasVideo + !Skin.HasSetting(background.showvideo)]</visible>
            <visible>[!String.IsEmpty(Container(9000).ListItem.Property(widget)) + !String.IsEqual(Container(9000).ListItem.Property(widgetTarget),pictures)] | [String.IsEmpty(Container(9000).ListItem.Property(widget)) + !String.IsEqual(Skin.String(home.fallbackwidget.target),pictures)]</visible>
        </control>
        <control type="group">
            <posy>400</posy>
            <animation effect="slide" end="0,160" condition="String.IsEqual(Skin.String(home.style),$LOCALIZE[31182])">Conditional</animation>
            <include>Home_Widget_Left</include>
            <visible>!Player.HasVideo | [Player.HasVideo + !Skin.HasSetting(background.showvideo)]</visible>
            <visible>[!String.IsEmpty(Container(9000).ListItem.Property(widget)) + !String.IsEqual(Container(9000).ListItem.Property(widgetTarget),pictures)] | [String.IsEmpty(Container(9000).ListItem.Property(widget)) + !String.IsEqual(Skin.String(home.fallbackwidget.target),pictures)]</visible>
        </control>
    </include>
    <include name="Home_Widget_Hidden">
        <control type="group">
            <posy>666</posy>
            <visible>[Control.HasFocus(9001) | Control.HasFocus(9101)]</visible>
            <visible>String.IsEqual(Skin.String(home.widgetposters),$LOCALIZE[31154]) | [!String.IsEmpty(Container(9000).ListItem.Property(PosterWidget)) + String.IsEqual(Skin.String(home.widgetposters),$LOCALIZE[31166])]</visible>
            <include>Home_Widget_Right</include>
            <visible>!Player.HasVideo | [Player.HasVideo + !Skin.HasSetting(background.showvideo)]</visible>
        </control>
        <control type="group">
            <posy>666</posy>
            <visible>[Control.HasFocus(9001) | Control.HasFocus(9101)]</visible>
            <include>Home_Widget_Left</include>
            <visible>!Player.HasVideo | [Player.HasVideo + !Skin.HasSetting(background.showvideo)]</visible>
        </control>
    </include>

    <!-- Now Playing -->
    <include name="Home_NowPlaying">
        <control type="group">
            <animation effect="slide" end="0,160" condition="String.IsEqual(Skin.String(home.style),$LOCALIZE[31182])">Conditional</animation>
            <control type="group">
                <visible>Window.IsVisible(home) | Window.IsVisible(weather)</visible>
                <!-- <visible>![Control.HasFocus(9001) | Control.HasFocus(9101)]</visible> -->
                <visible>!Window.IsActive(DialogNotification.xml)</visible>
                <visible>!Window.IsActive(DialogExtendedProgressBar.xml)</visible>
                <visible>!Player.HasMedia</visible>
                <visible>system.getbool(lookandfeel.enablerssfeeds)</visible>
                <visible>!String.IsEqual(Skin.String(home.style),$LOCALIZE[31181])</visible>
                <animation effect="slide" end="0,-266" condition="true">Conditional</animation>
                <animation effect="slide" start="-1200" end="0" time="250">VisibleChange</animation>
                <control type="image">
                    <left>0</left>
                    <posy>64r</posy>
                    <width>1100</width>
                    <height>64</height>
                    <texture flipy="true" flipx="false" border="32,0,32,64" colordiffuse="HomeBarBG">common/header.png</texture>
                    <animation effect="fade" start="100" end="90" time="200" condition="Skin.HasSetting(home.transparent)">Conditional</animation>
                </control>
                <control type="image">
                    <left>16</left>
                    <posy>48r</posy>
                    <width>32</width>
                    <height>32</height>
                    <texture colordiffuse="LineLabel">$VAR[Image_RSS_Icon]</texture>
                </control>
                <control type="group">
                    <visible>!Window.IsActive(DialogNotification.xml)</visible>
                    <visible>!Window.IsActive(DialogExtendedProgressBar.xml)</visible>
                    <visible>!Player.HasMedia</visible>
                    <control type="image">
                        <left>16</left>
                        <posy>48r</posy>
                        <width>32</width>
                        <height>32</height>
                        <texture colordiffuse="LineLabel">common/rss.png</texture>
                    </control>
                    <control type="rss">
                        <posx>48</posx>
                        <posy>48r</posy>
                        <width>1040</width>
                        <font>Font-RSS</font>
                        <textcolor>SideArrow</textcolor>
                        <headlinecolor>SideArrow</headlinecolor>
                        <titlecolor>LineLabel</titlecolor>
                        <animation effect="slide" start="-1200" end="0" time="250">VisibleChange</animation>
                    </control>
                </control>
            </control>
            <control type="group">
                <visible>Window.IsVisible(home) | Window.IsVisible(weather)</visible>
                <visible>!Window.IsActive(DialogNotification.xml)</visible>
                <visible>!Window.IsActive(DialogExtendedProgressBar.xml)</visible>
                <visible>Player.HasMedia</visible>
                <animation effect="slide" end="0,-266" condition="true">Conditional</animation>
                <animation effect="slide" start="-1200" end="0" time="250">VisibleChange</animation>
                <control type="image">
                    <left>0</left>
                    <posy>64r</posy>
                    <width>1100</width>
                    <height>64</height>
                    <texture flipy="true" flipx="false" border="32,0,32,64" colordiffuse="HomeBarBG">common/header.png</texture>
                    <animation effect="fade" start="100" end="90" time="200" condition="Skin.HasSetting(home.transparent)">Conditional</animation>
                </control>

                <!-- Player Controls -->
                <control type="grouplist" id="9005">
                    <onup condition="Integer.IsGreater(Container(9001).NumItems,0) + [[!String.IsEmpty(Container(9000).ListItem.Property(widget)) + !String.IsEqual(Container(9000).ListItem.Property(widgetTarget),pictures)] | [String.IsEmpty(Container(9000).ListItem.Property(widget)) + !String.IsEqual(Skin.String(home.fallbackwidget.target),pictures)]]">9001</onup>
                    <ondown>9000</ondown>
                    <visible allowhiddenfocus="true">ControlGroup(9005).HasFocus()</visible>
                    <orientation>horizontal</orientation>
                    <itemgap>8</itemgap>
                    <bottom>16</bottom>
                    <left>16</left>
                    <width>1020</width>
                    <height>32</height>
                    <control type="button" id="12">
                        <description>Skip Back</description>
                        <width>32</width>
                        <height>32</height>
                        <label></label>
                        <font>noop</font>
                        <texturefocus colordiffuse="$VAR[HighlightColor]" flipx="true">osd/next.png</texturefocus>
                        <texturenofocus colordiffuse="LineLabel" flipx="true">osd/next.png</texturenofocus>
                        <onclick>PlayerControl(Previous)</onclick>
                    </control>

                    <control type="button" id="13">
                        <description>Rewind</description>
                        <width>32</width>
                        <height>32</height>
                        <label></label>
                        <font>noop</font>
                        <texturefocus colordiffuse="$VAR[HighlightColor]" flipx="true">osd/ff.png</texturefocus>
                        <texturenofocus colordiffuse="LineLabel" flipx="true">osd/ff.png</texturenofocus>
                        <onclick>PlayerControl(Rewind)</onclick>
                    </control>

                    <control type="togglebutton" id="14">
                        <description>Play/Pause</description>
                        <width>32</width>
                        <height>32</height>
                        <label></label>
                        <altlabel></altlabel>
                        <font>noop</font>
                        <texturefocus colordiffuse="$VAR[HighlightColor]">osd/pause.png</texturefocus>
                        <texturenofocus colordiffuse="LineLabel">osd/pause.png</texturenofocus>
                        <usealttexture>Player.Paused | Player.Forwarding | Player.Rewinding</usealttexture>
                        <alttexturefocus colordiffuse="$VAR[HighlightColor]">osd/play.png</alttexturefocus>
                        <alttexturenofocus colordiffuse="LineLabel">osd/play.png</alttexturenofocus>
                        <onclick>PlayerControl(Play)</onclick>
                    </control>

                    <control type="button" id="15">
                        <description>Stop</description>
                        <width>32</width>
                        <height>32</height>
                        <label></label>
                        <font>noop</font>
                        <texturefocus colordiffuse="$VAR[HighlightColor]">osd/stop.png</texturefocus>
                        <texturenofocus colordiffuse="LineLabel">osd/stop.png</texturenofocus>
                        <onclick>PlayerControl(Stop)</onclick>
                    </control>

                    <control type="button" id="16">
                        <description>Fast Forward</description>
                        <width>32</width>
                        <height>32</height>
                        <label></label>
                        <font>noop</font>
                        <texturefocus colordiffuse="$VAR[HighlightColor]">osd/ff.png</texturefocus>
                        <texturenofocus colordiffuse="LineLabel">osd/ff.png</texturenofocus>
                        <onclick>PlayerControl(Forward)</onclick>
                    </control>

                    <control type="button" id="17">
                        <description>Next</description>
                        <width>32</width>
                        <height>32</height>
                        <label></label>
                        <font>noop</font>
                        <texturefocus colordiffuse="$VAR[HighlightColor]">osd/next.png</texturefocus>
                        <texturenofocus colordiffuse="LineLabel">osd/next.png</texturenofocus>
                        <onclick>PlayerControl(Next)</onclick>
                    </control>
                </control>
                <control type="grouplist">
                    <visible>ControlGroup(9005).HasFocus()</visible>
                    <orientation>horizontal</orientation>
                    <itemgap>8</itemgap>
                    <bottom>16</bottom>
                    <left>256</left>
                    <width>820</width>
                    <height>32</height>
                    <control type="label">
                        <height>100%</height>
                        <width max="580">auto</width>
                        <font>Font-ListInfo-Small-Bold</font>
                        <textcolor>LineLabel</textcolor>
                        <label>   [COLOR=$VAR[HighlightColor2]]$INFO[MusicPlayer.Artist][/COLOR]  $INFO[MusicPlayer.Title]</label>
                        <visible>Player.HasAudio</visible>
                    </control>
                    <control type="label">
                        <height>100%</height>
                        <width max="580">auto</width>
                        <font>Font-ListInfo-Small-Bold</font>
                        <textcolor>LineLabel</textcolor>
                        <label>   [COLOR=$VAR[HighlightColor2]]$INFO[VideoPlayer.Director][/COLOR]  $INFO[VideoPlayer.Title]</label>
                        <visible>Player.HasVideo + !VideoPlayer.Content(LiveTV) + String.IsEmpty(VideoPlayer.TvShowTitle)</visible>
                    </control>
                    <control type="label">
                        <height>100%</height>
                        <width max="580">auto</width>
                        <font>Font-ListInfo-Small-Bold</font>
                        <textcolor>LineLabel</textcolor>
                        <label>   [COLOR=$VAR[HighlightColor2]]$INFO[VideoPlayer.TvShowTitle][/COLOR]  $INFO[VideoPlayer.Title]</label>
                        <visible>Player.HasVideo + !VideoPlayer.Content(LiveTV) + !String.IsEmpty(VideoPlayer.TvShowTitle)</visible>
                    </control>
                    <control type="label">
                        <height>100%</height>
                        <width max="580">auto</width>
                        <font>Font-ListInfo-Small-Bold</font>
                        <textcolor>LineLabel</textcolor>
                        <label>   [COLOR=$VAR[HighlightColor2]]$INFO[VideoPlayer.ChannelName][/COLOR]  $INFO[VideoPlayer.Title]</label>
                        <visible>Player.HasVideo + VideoPlayer.Content(LiveTV)</visible>
                    </control>
                    <control type="label">
                        <height>100%</height>
                        <width max="320">auto</width>
                        <font>Font-ListInfo-Small-Bold</font>
                        <textcolor>LineLabel</textcolor>
                        <label>  •  $INFO[Player.Time] / $INFO[Player.Duration]</label>
                    </control>
                </control>

                <!-- Now Playing -->
                <control type="image">
                    <left>16</left>
                    <posy>48r</posy>
                    <width>32</width>
                    <height>32</height>
                    <texture colordiffuse="LineLabel">$VAR[Image_RSS_Icon]</texture>
                    <visible>!ControlGroup(9005).HasFocus()</visible>
                </control>
                <control type="grouplist">
                    <visible>!ControlGroup(9005).HasFocus()</visible>
                    <orientation>horizontal</orientation>
                    <itemgap>0</itemgap>
                    <bottom>16</bottom>
                    <left>48</left>
                    <width>1020</width>
                    <height>32</height>
                    <control type="label">
                        <height>100%</height>
                        <width max="820">auto</width>
                        <font>Font-ListInfo-Small-Bold</font>
                        <textcolor>LineLabel</textcolor>
                        <label>   [COLOR=$VAR[HighlightColor2]]$INFO[MusicPlayer.Artist][/COLOR]  $INFO[MusicPlayer.Title]</label>
                        <visible>Player.HasAudio</visible>
                    </control>
                    <control type="label">
                        <height>100%</height>
                        <width max="820">auto</width>
                        <font>Font-ListInfo-Small-Bold</font>
                        <textcolor>LineLabel</textcolor>
                        <label>   [COLOR=$VAR[HighlightColor2]]$INFO[VideoPlayer.Director][/COLOR]  $INFO[VideoPlayer.Title]</label>
                        <visible>Player.HasVideo + !VideoPlayer.Content(LiveTV) + String.IsEmpty(VideoPlayer.TvShowTitle)</visible>
                    </control>
                    <control type="label">
                        <height>100%</height>
                        <width max="820">auto</width>
                        <font>Font-ListInfo-Small-Bold</font>
                        <textcolor>LineLabel</textcolor>
                        <label>   [COLOR=$VAR[HighlightColor2]]$INFO[VideoPlayer.TvShowTitle][/COLOR]  $INFO[VideoPlayer.Title]</label>
                        <visible>Player.HasVideo + !VideoPlayer.Content(LiveTV) + !String.IsEmpty(VideoPlayer.TvShowTitle)</visible>
                    </control>
                    <control type="label">
                        <height>100%</height>
                        <width max="820">auto</width>
                        <font>Font-ListInfo-Small-Bold</font>
                        <textcolor>LineLabel</textcolor>
                        <label>   [COLOR=$VAR[HighlightColor2]]$INFO[VideoPlayer.ChannelName][/COLOR]  $INFO[VideoPlayer.Title]</label>
                        <visible>Player.HasVideo + VideoPlayer.Content(LiveTV)</visible>
                    </control>
                    <control type="label">
                        <height>100%</height>
                        <width max="320">auto</width>
                        <font>Font-ListInfo-Small-Bold</font>
                        <textcolor>LineLabel</textcolor>
                        <label>  •  $INFO[Player.Time] / $INFO[Player.Duration]</label>
                    </control>
                </control>
            </control>
            <control type="group">
                <bottom>266</bottom>
                <visible>Window.IsActive(DialogNotification.xml)</visible>
                <animation effect="slide" start="-1200" end="0" time="250">VisibleChange</animation>
                <control type="image">
                    <left>0</left>
                    <posy>64r</posy>
                    <width>1100</width>
                    <height>64</height>
                    <texture flipy="true" flipx="false" border="32,0,32,64" colordiffuse="HomeBarBG">common/header.png</texture>
                    <animation effect="fade" start="100" end="90" time="200" condition="Skin.HasSetting(home.transparent)">Conditional</animation>
                </control>
            </control>
            <control type="group">
                <bottom>266</bottom>
                <visible>!Window.IsActive(DialogNotification.xml)</visible>
                <visible>Window.IsActive(DialogExtendedProgressBar.xml)</visible>
                <animation effect="slide" start="-1200" end="0" time="250">VisibleChange</animation>
                <control type="image">
                    <left>0</left>
                    <posy>64r</posy>
                    <width>1100</width>
                    <height>64</height>
                    <texture flipy="true" flipx="false" border="32,0,32,64" colordiffuse="HomeBarBG">common/header.png</texture>
                    <animation effect="fade" start="100" end="90" time="200" condition="Skin.HasSetting(home.transparent)">Conditional</animation>
                </control>
            </control>
        </control>
    </include>
	<!-- skin.eminence.2-TVNEPlay-2019 -->
</includes>