<?xml version="1.0" encoding="UTF-8"?>
<window>
    <!-- videolibrary -->
    <backgroundcolor>Background</backgroundcolor>
    <menucontrol>9000</menucontrol>
    <defaultcontrol always="true">59</defaultcontrol>
	<views>59</views>
    <onload condition="System.HasAddon(script.tv.show.next.aired)">RunScript(script.tv.show.next.aired,backend=True)</onload>
    <onunload>SetProperty(NodeReturn,videos,home)</onunload>
    <onunload>SetProperty(HubReturn,$INFO[Container.FolderPath],home)</onunload>
    <controls>

        <!-- Background -->
        <include>Furniture_Background</include>
        <include>Furniture_RSS</include>
        <include>Furniture_TopBar</include>


        <!-- Main group -->
        <control type="group">
            <animation effect="fade" start="100" end="0" condition="!Integer.IsGreater(Container.NumItems,0)">Conditional</animation>
            <include>Defs_ViewBackground</include>
            <include content="Object_Headline">
                <param name="label" value="$VAR[Label_SortLine]$VAR[Label_IconLine]" />
            </include>
			<include condition="!Skin.HasSetting(SkinHelper.View.Disabled.59)">Viewtype_IconExtra</include>

            <control type="group">
                <left>bigpad</left>
                <right>bigpad</right>
                <top>bigpad</top>
                <height>posterh</height>
                <include content="Object_Scrollbar">
                    <param name="visible" value="Control.IsVisible(59)" />
                </include>
                <include content="Object_Scrollbar_Horizontal">
                    <param name="visible" value="" />
                </include>
            </control>
        </control>

        
        <!-- Menu -->
        <control type="group">
            <include condition="!Skin.HasSetting(HorizontalMenus)">GlobalOverlay</include>
            <include condition="!Skin.HasSetting(HorizontalMenus)">Dialog_Center</include>
            <visible allowhiddenfocus="true">ControlGroup(9000).HasFocus()</visible>
            <include>Animation_FadeIn</include>
            <include>Animation_FadeOut</include>
        </control>

        <include>Furniture_OverlayInfo</include>
    </controls>

</window>